<?xml version="1.0"?>
<doc>
    <assembly>
        <name>CloudBox</name>
    </assembly>
    <members>
        <member name="T:CloudBox.CloudBox">
            <summary>
            The main part of the cloud: This part is identical between client and server because there are no substantial differences at this level. The server can create an object inheriting from this class and add new functionality to it
            </summary>
        </member>
        <member name="M:CloudBox.CloudBox.#ctor(System.String,System.Boolean,System.Nullable{System.UInt64},System.String,System.String,System.Boolean,System.Boolean)">
            <summary>
            Cloud Server will communicate to clients for making operations on cloud storage.
            </summary>
            <param name="cloudPath">Directoty position of the cloud (a null value will be considered the default path)</param>
            <param name="isServer">True if this instance is a server cloud</param>
            <param name="id">Used to create multiple instances</param>
            <param name="licenseOEM">The OEM private key for activating licenses.</param>
            <param name="name">A label name to assign to this instance (this does not affect how the cloud works)</param>
            <param name="doNotCreateSpecialFolders">If instantiated as a server it will automatically create specific subdirectories for documents, photos, etc., unless this parameter is specified</param>
            <param name="isReachable">Indicate true if the path to the cloud space is reachable (true), or unmounted virtual disk (false). Use IsReachableDiskStateIsChanged to notify that access to the cloud path has changed.</param>
        </member>
        <member name="M:CloudBox.CloudBox.CanRestart">
            <summary>
            Returns true if it is a good time to perform the software update. If some operation is in progress then it returns false;
            </summary>
            <returns></returns>
        </member>
        <member name="M:CloudBox.CloudBox.SignDocument(CloudBox.DigitalSignature.Scope,System.String@,System.String,System.Byte[],System.Boolean)">
            <summary>
            Digitally sign a document
            </summary>
            <param name="scopeOfSignature">Indicates the intention of the signer (the purpose for which the signature is placed on the document)</param>
            <param name="signatureFileName">Returns the name of the file containing the digital signature</param>
            <param name="fileName">The name of the file being signed</param>
            <param name="document">The file you are signing (in the form of binary data)</param>
            <param name="saveToCloud">If true, both the document and the digital signature will be saved in the cloud area</param>
            <returns>Digital signature in json format</returns>
        </member>
        <member name="M:CloudBox.CloudBox.OnRouterConnectionChange(System.Boolean)">
            <summary>
            Function that is called when the connection changes (connected or disconnected)
            </summary>
            <param name="isConnected">Notify the new connection status</param>
        </member>
        <member name="P:CloudBox.CloudBox.Name">
            <summary>
            A label name to assign to this instance (this does not affect how the cloud works)
            </summary>
        </member>
        <member name="T:CloudBox.CloudBox.OnAppErrorEventHandler">
            <summary>
            Delegate for error events
            </summary>
            <param name="description"></param>
        </member>
        <member name="E:CloudBox.CloudBox.OnAppError">
            <summary>
            Event that is called when there are errors (useful for creating a log)
            </summary>
        </member>
        <member name="P:CloudBox.CloudBox.ID">
            <summary>
            Unique identifier for this instance
            </summary>
        </member>
        <member name="M:CloudBox.CloudBox.NextIdAvailable(System.String)">
            <summary>
            Returns the next Id that can be used to create a new cloud instance
            </summary>
            <param name="cloudPath"></param>
            <returns></returns>
        </member>
        <member name="M:CloudBox.CloudBox.GetCloudsIDs(System.String)">
            <summary>
            Returns the list of all cloud IDs mounted under a given path
            </summary>
            <param name="cloudPath"></param>
            <returns></returns>
        </member>
        <member name="M:CloudBox.CloudBox.ConnectToServer(System.String,System.String)">
            <summary>
            Connect to server and start sync
            </summary>
            <param name="serverPublicKey">It is the server to which this client must connect (the public key of the server)</param>
            <param name="pin">If the client is running, this is the Pin on the server that is required to log in and then connect the client to the server</param>       
            <returns>Successful</returns>        
        </member>
        <member name="M:CloudBox.CloudBox.CreateContext(System.String,System.String)">
            <summary>
            Generate the context, i.e. initialize the environment for encrypted socket communication between devices
            </summary>
            <param name="routerEntryPoint">IP or domain name or QR code of the router used for the connection</param>
            <param name="passphrase">If you want to recover the account, you can specify the passphrase</param>
            <returns>True for Successful, or false if something went wrong</returns>  
        </member>
        <member name="M:CloudBox.CloudBox.Login(System.String,System.String,System.String)">
            <summary>
            Login the Client to the Cloud Server by entry QrCode and Pin of server
            </summary>
            <param name="qrCode">QR code generated by server cloud, in text format</param>
            <param name="pin">Pin</param>
            <param name="entryPoint">Router entry point, optional parameter for QR codes that do not contain the entry point</param>
            <returns>Validated for Successful, or other result if QR code or PIN is not valid</returns>        
        </member>
        <member name="F:CloudBox.CloudBox.EncryptedQR">
            <summary>
            The encryption key of the QR code and for the client also the ID of the server useful for communicating with it
            </summary>
        </member>
        <member name="T:CloudBox.CloudBox.LoginResult">
            <summary>
            Result of login validation
            </summary>
        </member>
        <member name="M:CloudBox.CloudBox.SolveQRCode(System.String,System.String@,System.String@,System.Tuple{System.UInt64,System.Byte[]}@)">
            <summary>
            It receives the data of a QR code as input, validates it and if recognized returns true
            </summary>
            <param name="qrCode"></param>
            <param name="entryPoint">Returns the entry point of the router, to establish the connection</param>
            <param name="serverPublicKey">For type 1 and 2 QR codes, the server's public key is returned</param>
            <param name="EncryptedQR">For type 2 QR codes (the encrypted one), it returns the encryption code and the server ID so that it can be queried and given the public key when the connection to the router is established</param>
            <returns></returns>
        </member>
        <member name="M:CloudBox.CloudBox.LastEntryPoint">
            <summary>
            Last client entry. If the application was used as a client and the client was logged in, this function returns the last entry point used. Null if the application was not logged in as a client.
            </summary>
            <returns>Entry point (Url or IP), or null</returns>
        </member>
        <member name="M:CloudBox.CloudBox.Logout">
            <summary>
            Close socket connection to the router and stop syncing, stops transmitting with the cloud server, but the connection with the router remains active
            </summary>
            <returns>False if already logged out, true otherwise</returns>
        </member>
        <member name="P:CloudBox.CloudBox.IsLogged">
            <summary>
            True if logged
            </summary>
        </member>
        <member name="M:CloudBox.CloudBox.StartSync(CloudSync.LoginCredential)">
            <summary>
            Start sync (connection must be started first)
            </summary>
            <param name="isClient">If it is the client, it must provide authentication credentials</param>
        </member>
        <member name="P:CloudBox.CloudBox.IsReachable">
            <summary>
            Indicates if the cloud path is an unmounted virtual disk.
            </summary>
        </member>
        <member name="M:CloudBox.CloudBox.IsReachableDiskStateIsChanged(System.Boolean)">
            <summary>
            Function that the host app must call if the disk at the root of the cloud is mounted or unmounted.
            If you plan not to use a virtual disk for cloud space then this function should not be called.
            If you use a virtual disk as a path to the cloud, this feature will suspend synchronization when the disk is unsmounted.
            </summary>
        </member>
        <member name="M:CloudBox.CloudBox.AddFileError(System.String,System.String)">
            <summary>
            You can use this feature to receive warning messages generated by the file error. Massages will be added to the FileErrors list
            </summary>
            <param name="error"></param>
            <param name="fileName"></param>
        </member>
        <member name="F:CloudBox.CloudBox.FileErrors">
            <summary>
            Log of errors occurred on files
            It could be that the antivirus is blocking file operations, or some application is keeping the files open.
            </summary>
        </member>
        <member name="M:CloudBox.CloudBox.AddAntivirusWarning(System.String,System.String)">
            <summary>
            You can use this feature to receive warning messages generated by the antivirus. Massages will be added to the AntivirusWarnings list
            </summary>
            <param name="message">Text of message</param>
            <param name="fileName">Filename</param>
        </member>
        <member name="F:CloudBox.CloudBox.AntivirusWarnings">
            <summary>
            Log of Antivirus warning occurred
            It could be that the antivirus is blocking file operations, or some application is keeping the files open.
            </summary>
        </member>
        <member name="T:CloudBox.CloudBox.FileError">
            <summary>
            Class to describe file errors
            </summary>
        </member>
        <member name="P:CloudBox.CloudBox.FileError.Time">
            <summary>
            Time of error
            </summary>
        </member>
        <member name="P:CloudBox.CloudBox.FileError.Error">
            <summary>
            Error description
            </summary>
        </member>
        <member name="P:CloudBox.CloudBox.FileError.FileName">
            <summary>/// Full path and file name
            </summary>
        </member>
        <member name="M:CloudBox.CloudBox.StopSync">
            <summary>
            Stops transmitting with the cloud server, but the connection with the router remains active
            </summary>
        </member>
        <member name="F:CloudBox.CloudBox.OnNotificationAction">
            <summary>
            Procedure that is performed upon receipt of a notification from the remote machine. Can be used as an event to check the status of the remote machine.
            </summary>
        </member>
        <member name="F:CloudBox.CloudBox.OnLocalSyncStatusChangesAction">
            <summary>
            Event that fires when the sync status changes
            </summary>
        </member>
        <member name="F:CloudBox.CloudBox.OnCommunicationErrorEvent">
            <summary>
            Event that tracks communication errors that occur with the remote device
            </summary>
        </member>
        <member name="P:CloudBox.CloudBox.SyncStatus">
            <summary>
            Current status of the sync process. We recommend using the OnSyncStatusChangesAction event to update these values in the UI
            </summary>
        </member>
        <member name="P:CloudBox.CloudBox.PendingFiles">
            <summary>
            Number of files that are waiting to be synced. We recommend using the OnSyncStatusChangesAction event to update these values in the UI
            </summary>
        </member>
        <member name="P:CloudBox.CloudBox.IsConnected">
            <summary>
            Indicates the current status of the connection to the router. If false then the router is not connected, check the internet network, the connection of the cables to the network, etc..
            </summary>
        </member>
        <member name="P:CloudBox.CloudBox.Status">
            <summary>
            Returns a detailed report of this cloud server or client instance
            </summary>
        </member>
        <member name="F:CloudBox.CloudBox.IsServer">
            <summary>
            True if the current instance is a cloud server, otherwise false if it is a cloud client
            </summary>
        </member>
        <member name="F:CloudBox.CloudBox.ServerCloud">
            <summary>
            For the cloud instance this contact represents the cloud server and every sync protocol communication is done by communicating to this contact
            </summary>
        </member>
        <member name="P:CloudBox.CloudBox.LastInstance">
            <summary>
            Securely get the latest instance of the created cloudbox object
            </summary>
        </member>
        <member name="F:CloudBox.CloudBox.Instances">
            <summary>
            Lista di tutte le istanze attualmente attive
            </summary>
        </member>
        <member name="M:CloudBox.CloudBox.Remove">
            <summary>
            Unmount corrent instance
            </summary>
        </member>
        <member name="M:CloudBox.CloudBox.Destroy">
            <summary>
            Dismount the instance and destroy all data within it. Since it is a dangerous operation this function requires the pin
            </summary>
        </member>
        <member name="P:CloudBox.CloudBox.CloudPath">
            <summary>
            The path where the cloud was mounted
            </summary>
        </member>
        <member name="M:CloudBox.CloudBox.GetCloudPath(System.String,System.Boolean,System.Nullable{System.UInt64})">
            <summary>
            Returns the default root path used by the cloud unless another path is specified
            </summary>
            <param name="defaultPath">Returns the default root path used by the cloud unless another path is specified</param>
            <param name="isServer">Indicates whether you want to get the path for a server or client</param>
            <param name="id">If an ID is specified then a sub directory will be added (for server paths only)</param>
            <returns>Default path of cloud</returns>
        </member>
        <member name="F:CloudBox.CloudBox.Sync">
            <summary>
            Sync Agent: Offers all the low-level functions to sync the cloud in an encrypted and secure way
            </summary>
        </member>
        <member name="P:CloudBox.CloudBox.Context">
            <summary>
            Reference to the underlying encrypted communication system between devices (the low-level communication protocol)
            </summary>
        </member>
        <member name="M:CloudBox.CloudBox.OnContactEvent(EncryptedMessaging.Message)">
            <summary>
            When the remote device (also known by the term contact), sends data to this device, this function is called as if it were an event, and the received data is then passed to the appropriate part of the software for processing
            </summary>
            <param name="message">The data package received</param>
        </member>
        <member name="P:CloudBox.CloudBox.StatusInstances">
            <summary>
            Get the report of all the instantiated clouds (server and client), i.e. the detailed status of operation
            </summary>
        </member>
        <member name="F:CloudBox.Communication.Command.GetEncryptedQR">
            <summary>
            Implementation of the type 2 QR code, it is used to complete the QR code by sending part of it via proxy (in order to create a smaller QR code)
            </summary>
        </member>
        <member name="M:CloudBox.Communication.OnCommand(System.UInt64,CloudBox.Communication.Command,System.Collections.Generic.List{System.Byte[]})">
            <summary>
            Method executes when new command is received from a cloud client. Depending on command it saves or loads data to/from the cloud.
            </summary>
            <param name="userId">Id of the client which sent command </param>
            <param name="responseToCommand"> command sent by the client (SaveData, LoadData, LoadAllData, DeleteData, PushNotification)</param>
            <param name="parameters"> list of parameters needed for the command:
            parameter 0: type - group i.e. folder name;
            parameter 1: name - key i.e. file name;
            parameter 2: data - data(file itslef) which needs to be stored;
            parameter 3: shared - if data is private i.e. stored in a specific user folder or public i.e. stored in a common folder (boolean);</param>
        </member>
        <member name="T:CloudBox.DigitalSignature">
            <summary>
            Class that represents the digital signature on a file
            </summary>
        </member>
        <member name="M:CloudBox.DigitalSignature.#ctor">
            <summary>
            Empty constructor for deserialization purposes
            </summary>
        </member>
        <member name="M:CloudBox.DigitalSignature.#ctor(System.Byte[],CloudBox.DigitalSignature.Scope,System.String,System.Byte[])">
            <summary>
            Initiator that creates a digital signature of a document
            </summary>
            <param name="privateKey">Private key to sign the document</param>
            <param name="scopeOfSignature">The reason (the intentions), of whoever affixes the signature</param>
            <param name="fullFileName">The full path of the file (may be omitted if the file is specified in binary format). If this parameter is specified, then the digital signature will be automatically saved on disk (in the same path as the file to be signed)</param>
            <param name="file">The file in binary format on which to sign (optional, if omitted the full path of the file must be specified)</param>
        </member>
        <member name="M:CloudBox.DigitalSignature.BlockTime">
            <summary>
            The timestamp of the blockchain block (It is proof that the digital signature may have been placed in a more recent period than this date)
            </summary>
            <returns>Date time literal</returns>
        </member>
        <member name="F:CloudBox.DigitalSignature.Version">
            <summary>
            Digital signature version (format of digital signature)
            </summary>
        </member>
        <member name="F:CloudBox.DigitalSignature.PublicKey">
            <summary>
            Public key of the signer (hex format)
            </summary>
        </member>
        <member name="F:CloudBox.DigitalSignature.Hash">
            <summary>
            Hash 256 of file (hex format)
            </summary>
        </member>
        <member name="F:CloudBox.DigitalSignature.BlockchainHashBlock">
            <summary>
            Hash of a recent block of the blockchain (hex format) to prove the existence of the file after a certain time (the closure of the block)
            </summary>
        </member>
        <member name="F:CloudBox.DigitalSignature.ScopeOfSignature">
            <summary>
            The reason why the signature was affixed
            </summary>
        </member>
        <member name="F:CloudBox.DigitalSignature.Signature">
            <summary>
            Signature hex format (computed from the concatenation of all the above data, in the order as they appear, in binary format)
            </summary>
        </member>
        <member name="M:CloudBox.DigitalSignature.Load(System.String)">
            <summary>
            Convert a json string into a digital signature object
            </summary>
            <param name="json"></param>
            <returns>Digital signature object</returns>
        </member>
        <member name="M:CloudBox.DigitalSignature.Save">
            <summary>
            Convert a Digital signature object to json text format
            </summary>
            <returns>Json text</returns>
        </member>
        <member name="M:CloudBox.DigitalSignature.Validate(System.Byte[],System.String)">
            <summary>
            Validate the digital signature
            </summary>
            <param name="file"></param>
            <param name="fullFileName">The corresponding file In which the digital signature was placed</param>
            <returns>True if the digital signature is correct (not forged)</returns>
        </member>
        <member name="M:CloudBox.DigitalSignature.UserId">
            <summary>
            User ID of the person who affixed the signature
            </summary>
            <returns></returns>
        </member>
        <member name="M:CloudBox.DigitalSignature.FileExtension">
            <summary>
            File extension with digital signature in the format .userId.sign.
            The digital signature file has the same name as the document file, plus this extension in addition.
            </summary>
            <returns>File extension</returns>
        </member>
        <member name="M:CloudBox.DigitalSignature.Hash256(System.Byte[])">
            <summary>
            Compute hash 256
            </summary>
            <param name="data">Data base of hashing</param>
            <returns>Hash 256</returns>
        </member>
        <member name="M:CloudBox.DigitalSignature.HashFile(System.String)">
            <summary>
            Compute hash 256
            </summary>
            <param name="fileName">File name (full name, with path)</param>
            <returns>Hash 256</returns>
        </member>
        <member name="T:CloudBox.DigitalSignature.Scope">
            <summary>
            Valid reasons for signing (purpose of signing)
            </summary>
        </member>
        <member name="F:CloudBox.DigitalSignature.Scope.Accept">
            <summary>
            Sign the document and I accept
            </summary>
        </member>
        <member name="F:CloudBox.DigitalSignature.Scope.Reject">
            <summary>
            The document has been submitted to me but I do not approve it
            </summary>
        </member>
        <member name="F:CloudBox.DigitalSignature.Scope.Viewed">
            <summary>
            I have viewed the document without accepting or rejecting it
            </summary>
        </member>
        <member name="P:CloudBox.DigitalSignature.PublicKeyBase64">
            <summary>
            Public key of the signer (base 64 format)
            </summary>
        </member>
        <member name="M:CloudBox.DigitalSignature.SetTimestamp(System.DateTime)">
            <summary>
            Use date and time to set unix time stamp
            </summary>
            <param name="timeStamp"></param>
        </member>
        <member name="F:CloudBox.DigitalSignature.UnixTimeStamp">
            <summary>
            Timestamp self-declaration (optional)
            </summary>
        </member>
        <member name="T:CloudBox.EncryptionXorAB">
            <summary>
            A powerful encryption type, which can be implemented easily on 32-bit JavaScript platforms
            Encryption algorithm oriented to JavaScript and C#, allows fast and secure encryption and decryption, works with any size of keys and data.
            </summary>
        </member>
        <member name="M:CloudBox.EncryptionXorAB.Encryp(System.Byte[],System.Byte[])">
            <summary>
            Encrypt a data package with a key
            </summary>
            <param name="key">Key</param>
            <param name="data">Data</param>
            <returns></returns>
        </member>
        <member name="M:CloudBox.EncryptionXorAB.Decrypt(System.Byte[],System.Byte[])">
            <summary>
            Decrypts a data packet with a key used for encryption
            </summary>
            <param name="key">Key</param>
            <param name="encryptedData">Encrypted data</param>
            <returns></returns>
        </member>
        <member name="M:CloudBox.EncryptionXorAB.FastHash256(System.Byte[])">
            <summary>
            Fast hashing algorithm that is easy to implement in JavaScript and C#, and works well even on 32-bit systems
            </summary>
            <param name="data">Data package object of the computation</param>
            <returns>Hash256 data</returns>
        </member>
        <member name="M:CloudBox.FileTransferList.#ctor(System.Int32)">
            <summary>
            Instantiate a list to store and view a log of file transfer operations
            </summary>
            <param name="preservedElements">// Puts a limit on the preserved elements</param>
        </member>
        <member name="F:CloudBox.FileTransferList.PreservedElements">
            <summary>
            Puts a limit on the preserved elements
            </summary>
        </member>
        <member name="F:CloudBox.FileTransferList.OnUpdated">
            <summary>
            Event (It is actually an Action to avoid creating multiple links from web page instances) that is raised when the list is updated: Returns the index of the record that has changed, or -1 if a new record has been added at the beginning.
            This event must be used only by UIs that do not support the ObservableCollection and therefore need this event to update.
            </summary>
        </member>
        <member name="E:CloudBox.FileTransferList.FileTransfer.PropertyChanged">
            <summary>
            Represents the method that will handle the proporty changed event raised when a property when a property is changed on a component.
            </summary>
        </member>
        <member name="T:CloudBox.OnCommandList">
            <summary>
            Class to log the sequence of commands that are executed
            </summary>
        </member>
        <member name="M:CloudBox.OnCommandList.#ctor(System.Int32)">
            <summary>
            Initializer
            </summary>
            <param name="preservedElements">Number of elemento to keep in the list</param>
        </member>
        <member name="F:CloudBox.OnCommandList.PreservedElement">
            <summary>
            Number of items to preserve in the list (adding more will remove the last ones)
            </summary>
        </member>
        <member name="F:CloudBox.OnCommandList.OnCommandEvent">
            <summary>
            Element that is invoked every time the list is updated
            </summary>
        </member>
        <member name="M:CloudBox.OnCommandList.AddOnCommand(System.Nullable{System.UInt64},CloudSync.Sync.Commands,System.String,System.Boolean)">
            <summary>
            Add an item to the list
            </summary>
            <param name="userId">Id of sende user</param>
            <param name="command">Command</param>
            <param name="infoData">Information about data</param>
            <param name="isOutput">True if is a command output, false if is command in input</param>
        </member>
        <member name="T:CloudBox.OnCommand">
            <summary>
            Command registered in the log list
            </summary>
        </member>
        <member name="M:CloudBox.OnCommand.#ctor(System.Nullable{System.UInt64},CloudSync.Sync.Commands,System.String,System.Boolean)">
            <summary>
            Initializer
            </summary>
            <param name="userId">Id of sende user</param>
            <param name="command">Command</param>
            <param name="infoData">Information about data</param>
            <param name="isOutput">True if is a command output, false if is command in input</param>
        </member>
        <member name="F:CloudBox.OnCommand.Time">
            <summary>
            Date and time of command execution
            </summary>
        </member>
        <member name="F:CloudBox.OnCommand.UserId">
            <summary>
            Id of sender user
            </summary>
        </member>
        <member name="F:CloudBox.OnCommand.Command">
            <summary>
            Command
            </summary>
        </member>
        <member name="F:CloudBox.OnCommand.InfoData">
            <summary>
            Information about data
            </summary>
        </member>
        <member name="F:CloudBox.OnCommand.IsOutput">
            <summary>
            True if is a command output, false if is command in input
            </summary>
        </member>
        <member name="P:CloudBox.OnCommand.IsInput">
            <summary>
            True if is a command input, false if is command in output
            </summary>
        </member>
    </members>
</doc>
