<?xml version="1.0"?>
<doc>
    <assembly>
        <name>CommunicationChannel</name>
    </assembly>
    <members>
        <member name="T:CommunicationChannel.AntiDuplicate">
            <summary>
            In TCP connections, theoretically the connection could drop while the packet transmission is in progress, or the bidirectional connection could be interrupted by the system in one direction only: In iOS it happens that when the app is in the background the outgoing communication is interrupted while the incoming one remains active, and the device cannot confirm that it has received the packets, so that the server, having no acknowledgment of receipt, resends the packets that have actually already been received.
            </summary>
        </member>
        <member name="M:CommunicationChannel.AntiDuplicate.#ctor(System.UInt64)">
            <summary>
            Constructor of class
            </summary>
            <param name="id">Allows the use of multiple instances</param>
        </member>
        <member name="M:CommunicationChannel.AntiDuplicate.AlreadyReceived(System.Byte[])">
            <summary>
            Check if the data has already been received
            </summary>
            <param name="data">Data packet</param>
            <returns>True or False</returns>
        </member>
        <member name="T:CommunicationChannel.Channel">
            <summary>
            This class handle all the communication channel operation with server-side.
            </summary>
        </member>
        <member name="M:CommunicationChannel.Channel.#ctor(System.String,System.Int32,System.Action{System.UInt64,System.Byte[]},System.Action{System.UInt32},System.UInt64,System.Int32,System.Tuple{System.UInt64,System.Func{System.Byte[],System.Byte[]}},CommunicationChannel.Channel.OnErrorEvent)">
            <summary>
            Initialize the library
            </summary>
            <param name="serverAddress">Server Address</param>
            <param name="domain">A domain (also known as Network Id) corresponds to a membership group. Using the domain it is possible to divide the traffic on a server into TestNet, MainNet group (in order to isolate the message circuit within a given domain).</param>
            <param name="onMessageArrives">Event that is raised when a message arrives.</param>
            <param name="onDataDeliveryConfirm">Event that is generated when the router (server) has received the outgoing message, This element returns the message in raw format</param>
            <param name="myId">The identifier of the current user. Since the server system is focused on anonymity and security, there is no user list, it is a cryptographic id generated with a hashing algorithm</param>
            <param name="connectionTimeout">Used to remove the connection when not in use. However, mobile systems remove the connection when the application is in the background so it makes no sense to try to keep the connection always open. This also lightens the number of simultaneous server-side connections.</param>
            <param name="licenseActivator">OEM ID (ulong) and algorithm for the digital signature of the license activation. If present, this function will be called to digitally sign at the time of authentication. The digital signature must be put by the OEM who must have the activation licenses. The router will check if the license is valid upon connection.</param>
            <param name="onError">It is used as an event to handle the reporting of errors to the host. If set in the initialization phase, this delegate will be called at each tcp error, to notify the type of error and its description</param>
        </member>
        <member name="P:CommunicationChannel.Channel.LicenseExpired">
            <summary>
            License expired (the router did not authorize the connection)
            </summary>
        </member>
        <member name="P:CommunicationChannel.Channel.LastIN">
            <summary>
            When was the last data reception (Utc)
            </summary>
        </member>
        <member name="P:CommunicationChannel.Channel.LastCommandIN">
            <summary>
            The last command that was received from the router
            </summary>
        </member>
        <member name="P:CommunicationChannel.Channel.LastOUT">
            <summary>
            When was the last data transmission (Utc)
            </summary>
        </member>
        <member name="P:CommunicationChannel.Channel.LastCommandOUT">
            <summary>
            The last command that was sent to the router
            </summary>
        </member>
        <member name="P:CommunicationChannel.Channel.LastKeepAliveCheck">
            <summary>
            The last time KeepAlive was performed for checking the data communication channel (Utc)
            </summary>
        </member>
        <member name="P:CommunicationChannel.Channel.LastCommunication">
            <summary>
            the last moment in which there was data transmission (in reception or transmission). Utc value.
            </summary>
        </member>
        <member name="F:CommunicationChannel.Channel.CommandsForRouter">
            <summary>
            class object to use command at server-side.
            </summary>
        </member>
        <member name="M:CommunicationChannel.Channel.ReEstablishConnection">
            <summary>
            Use this command to re-establish the connection if it is disabled by the timer set with the initialization
            </summary>
        </member>
        <member name="P:CommunicationChannel.Channel.IsConnected">
            <summary>
            checks the connection status.
            </summary>
            <returns>True or False</returns>
        </member>
        <member name="F:CommunicationChannel.Channel.ServerUri">
            <summary>
            server URL.
            </summary>
        </member>
        <member name="F:CommunicationChannel.Channel.Domain">
            <summary>
            Server domain id.
            </summary>
        </member>
        <member name="T:CommunicationChannel.Channel.ErrorType">
            <summary>
            Provides the base for enumerations to represent errors.
            </summary>
        </member>
        <member name="T:CommunicationChannel.Channel.OnErrorEvent">
            <summary>
            Delegate used to report errors on TCP communication
            </summary>
            <param name="errorId">Error type</param>
            <param name="description">Error descrtiption</param>
        </member>
        <member name="F:CommunicationChannel.Channel.OnError">
            <summary>
            It is used as an event to handle the reporting of errors to the host. If set in the initialization phase, this delegate will be called at each tcp error, to notify the type of error and its description
            </summary>
        </member>
        <member name="F:CommunicationChannel.Channel.OnRouterConnectionChange">
            <summary>
            Function that acts as an event and will be called when the connection was successful and the client is logged into the router (return true), or when the connection with the router is lost (return false). You can set this action as an event.
            You can set this action as an event.
            </summary>
        </member>
        <member name="F:CommunicationChannel.Channel.LogError">
            <summary>
            Set this true if you want a ErrorLog
            </summary>
        </member>
        <member name="E:CommunicationChannel.Channel.RefreshLogError">
            <summary>
            Action to refresh error log.
            </summary>
        </member>
        <member name="P:CommunicationChannel.Channel.ClientExists">
            <summary>
            TCP client exists
            </summary>
        </member>
        <member name="P:CommunicationChannel.Channel.ClientConnected">
            <summary>
            TCP client connection status 
            </summary>
        </member>
        <member name="P:CommunicationChannel.Channel.Logged">
            <summary>
            Client log in status
            </summary>
        </member>
        <member name="P:CommunicationChannel.Channel.QueeCount">
            <summary>
            Number of bytes in the queue
            </summary>
        </member>
        <member name="F:CommunicationChannel.Channel.LastPostParts">
            <summary>
            
            </summary>
        </member>
        <member name="F:CommunicationChannel.Channel.PostCounter">
            <summary>
            Number of posts
            </summary>
        </member>
        <member name="F:CommunicationChannel.Channel.DuplicatePost">
            <summary>
            Number of duplicate post
            </summary>
        </member>
        <member name="F:CommunicationChannel.Channel.ErrorLog">
            <summary>
             Display all the error logs
            </summary>
        </member>
        <member name="P:CommunicationChannel.Channel.KeepAliveFailures">
            <summary>
            Number of failure connnection
            </summary>
        </member>
        <member name="P:CommunicationChannel.Channel.InternetAccess">
            <summary>
            Check internet access.
            </summary>
        </member>
        <member name="M:CommunicationChannel.Channel.Dispose">
            <summary>
            The Dispose method is primarily implemented to release unmanaged resources. When working with instance members that are IDisposable implementations, it's common to cascade Dispose calls. There are additional reasons for implementing Dispose, for example, to free memory that was allocated, remove an item that was added to a collection, or signal the release of a lock that was acquired.
            </summary>
        </member>
        <member name="T:CommunicationChannel.CommandsForServer">
            <summary>
            This class handle the commands to be executed at the server level.
            </summary>
        </member>
        <member name="M:CommunicationChannel.CommandsForServer.SendPostToServer(System.UInt64,System.Byte[],System.Boolean)">
            <summary>
            Send data to the server.
            </summary>
            <param name="chatId">chat to which data belong to</param>
            <param name="dataToSend">data</param>
            <param name="directlyWithoutSpooler"> if you want to send directly without spooler make it true else false </param>
        </member>
        <member name="M:CommunicationChannel.CommandsForServer.DataReceivedConfirmation(System.Byte[])">
            <summary>
            Confirmation that data is recieved at the server side.
            </summary>
            <param name="dataReceived"> data to recieve confirmation </param>
        </member>
        <member name="T:CommunicationChannel.Converter">
            <summary>
            This class converts the data from one format to another as per the task requirement.
            </summary>
        </member>
        <member name="M:CommunicationChannel.Converter.ToUnixTimestamp(System.DateTime)">
            <summary>
            convert DateTime to unix timestamp
            </summary>
            <param name="dateTime">DateTime</param>
            <returns>unix timestamp</returns>
        </member>
        <member name="M:CommunicationChannel.Converter.FromUnixTimestamp(System.Int32)">
            <summary>
            convert unix timestamp to DateTime
            </summary>
            <param name="timestamp">unix timestamp</param>
            <returns>DateTime</returns>
        </member>
        <member name="M:CommunicationChannel.Converter.FromUnixTimestamp(System.Byte[])">
            <inheritdoc cref="M:CommunicationChannel.Converter.FromUnixTimestamp(System.Int32)"/>
        </member>
        <member name="M:CommunicationChannel.Converter.IpToUint(System.String)">
            <summary>
            convert IP address into unsigned int.
            </summary>
            <param name="ip">IP address</param>
            <returns>IP as unsigned int</returns>
        </member>
        <member name="M:CommunicationChannel.Converter.UintToIp(System.UInt32)">
            <summary>
            converts back unsigned int into IP address.
            </summary>
            <param name="ip">Converted IP address</param>
            <returns>IP address</returns>
        </member>
        <member name="P:CommunicationChannel.Converter.Base36CharList">
            <summary>
            get Base36CharList
            </summary>
        </member>
        <member name="M:CommunicationChannel.Converter.Base36Encode(System.UInt64)">
            <summary>
            Encode the given number into a Base36 string
            </summary>
            <param name="input">number to convert</param>
            <returns> Base36 Encoded string </returns>
        </member>
        <member name="M:CommunicationChannel.Converter.Base36Decode(System.String)">
            <summary>
            Decode the Base36 Encoded string into a number
            </summary>
            <param name="input">Base36 Encoded string</param>
            <returns>number</returns>
        </member>
        <member name="M:CommunicationChannel.Converter.StringToBase64(System.String)">
            <summary>
            Convert the given string into a Base64 string
            </summary>
            <param name="text">text</param>
            <returns> Base64 string</returns>
        </member>
        <member name="M:CommunicationChannel.Converter.Base64ToString(System.String)">
            <summary>
            Convert the given Base64 string into a string
            </summary>
            <param name="text">Base64 string</param>
            <returns>string</returns>
        </member>
        <member name="M:CommunicationChannel.Converter.StringToByteArray(System.String)">
            <summary>
            Convert string to Byte array
            </summary>
            <param name="text">string</param>
            <returns>byte array</returns>
        </member>
        <member name="M:CommunicationChannel.Converter.ByteArrayToString(System.Byte[])">
            <summary>
            convert byte array to string
            </summary>
            <param name="bytes"> byte array </param>
            <returns>string</returns>
        </member>
        <member name="M:CommunicationChannel.Converter.XmlToObject(System.String,System.Type,System.Object@)">
            <summary>
            Convert XML to Object
            </summary>
            <param name="xml"> xml string</param>
            <param name="type"> type of xml serializer</param>
            <param name="obj">converted xml </param>
            <returns>True or False</returns>
        </member>
        <member name="M:CommunicationChannel.Converter.ObjectToXml(System.Object)">
            <summary>
            Convert Object to XML
            </summary>
            <param name="obj"> converted xml as object</param>
            <returns>xml string</returns>
        </member>
        <member name="M:CommunicationChannel.Converter.GetBytes(System.Int32)">
            <summary>
            Convert int to byte array
            </summary>
            <param name="n">int</param>
            <returns> byte array </returns>
        </member>
        <member name="M:CommunicationChannel.Converter.GetBytes(System.UInt32)">
            <inheritdoc cref="M:CommunicationChannel.Converter.GetBytes(System.Int32)"/>
        </member>
        <member name="M:CommunicationChannel.Converter.GetBytes(System.Int16)">
            <inheritdoc cref="M:CommunicationChannel.Converter.GetBytes(System.Int32)"/>
        </member>
        <member name="M:CommunicationChannel.Converter.GetBytes(System.UInt16)">
            <inheritdoc cref="M:CommunicationChannel.Converter.GetBytes(System.Int32)"/>
        </member>
        <member name="M:CommunicationChannel.Converter.GetBytes(System.Int64)">
            <inheritdoc cref="M:CommunicationChannel.Converter.GetBytes(System.Int32)"/>
        </member>
        <member name="M:CommunicationChannel.Converter.GetBytes(System.UInt64)">
            <inheritdoc cref="M:CommunicationChannel.Converter.GetBytes(System.Int32)"/>
        </member>
        <member name="M:CommunicationChannel.Converter.BytesToUint(System.Byte[])">
            <summary>
            Convert byte array to unsigned int
            </summary>
            <param name="bytes">byte array</param>
            <returns>unsigned int</returns>
        </member>
        <member name="M:CommunicationChannel.Converter.BytesToInt(System.Byte[])">
            <summary>
            Convert byte array to int
            </summary>
            <param name="bytes"></param>
            <returns> int </returns>
        </member>
        <member name="M:CommunicationChannel.Converter.BytesToUshort(System.Byte[])">
            <summary>
            Convert byte array to 16-bit unsigned int
            </summary>
            <param name="bytes">byte array</param>
            <returns>16-bit unsigned int</returns>
        </member>
        <member name="M:CommunicationChannel.Converter.BytesToShort(System.Byte[])">
            <summary>
            Convert byte array to 16-bit signed int
            </summary>
            <param name="bytes">byte array</param>
            <returns>16-bit signed int</returns>
        </member>
        <member name="M:CommunicationChannel.Converter.BytesToUlong(System.Byte[])">
            <summary>
            Convert byte array to 64-bit unsigned int
            </summary>
            <param name="bytes">byte array</param>
            <returns>64-bit unsigned int</returns>
        </member>
        <member name="M:CommunicationChannel.Converter.BytesToLong(System.Byte[])">
            <summary>
            Convert byte array to 64-bit signed int
            </summary>
            <param name="bytes">byte array</param>
            <returns>64-bit signed int</returns>
        </member>
        <member name="T:CommunicationChannel.Tcp">
            <summary>
            This class is used for establishing link connection and communicating with the server.
            </summary>
        </member>
        <member name="M:CommunicationChannel.Tcp.ConnectionIsDead">
            <summary>
            Indicates whether the connection has timed out based on the last data transmission.
            Since the ping messages occur in persiodic mode, a lack of communication means beyond a certain period, they mean that the transmission is interrupted.
            </summary>
            <returns>True if the communication has timed out</returns>
        </member>
        <member name="M:CommunicationChannel.Tcp.SendData(System.Byte[])">
            <summary>
            Send the data, which will be parked in the spooler, cannot be forwarded immediately: If there is a queue or if there is no internet line the data will be parked.
            </summary>
            <param name="data">Data to be sent</param>
        </member>
        <member name="M:CommunicationChannel.Tcp.ExecuteSendData(System.Byte[],System.Action,System.Boolean)">
            <summary>
            Send data to server (router) without going through the spooler
            </summary>
            <param name="data">Data to be sent</param>
            <param name="executeOnConfirmReceipt">Action to be taken when the router has successfully received the data sent</param>
            <param name="directlyWithoutSpooler">If true, it indicates to the router (server) that it should not park the data if the receiver is not connected</param>
        </member>
        <member name="M:CommunicationChannel.Tcp.Connect">
            <summary>
            Establish the connection and start the spooler
            </summary>
            <returns>Returns true if the connection is successful, false if there is an error</returns>
        </member>
        <member name="M:CommunicationChannel.Tcp.BeginRead(System.Net.Sockets.TcpClient)">
            <summary>
            Start reading the stream by reading the first 4 bytes which contain the length of the data packet to read
            </summary>
            <param name="client"></param>
        </member>
        <member name="M:CommunicationChannel.Tcp.ReadBytes(System.Int32,System.Net.Sockets.NetworkStream,System.Boolean)">
            <summary>
            Read incoming data packet
            </summary>
            <param name="lengthIncomingData">Length of incoming packet</param>
            <param name="stream">Data stream for reading incoming data</param>
            <param name="directlyWithoutSpooler">True if the data was sent without being parked in the spooler (in this case the data arrives at its destination only if the recipient device is connected to the router)</param>
        </member>
        <member name="M:CommunicationChannel.Tcp.DataTimeout(System.Int32)">
            <summary>
            Calculate a reasonable timeout (in milliseconds) for transmitting a data packet, based on the length of the transmitted data.
            </summary>
            <param name="dataLength">The length of the data on which to calculate the timeout</param>
            <returns>Milliseconds</returns>
        </member>
        <member name="M:CommunicationChannel.Tcp.Disconnect(System.Boolean)">
            <summary>
            Used to make a connection if the communication link breaks.
            </summary>
            <param name="tryConnectAgain"></param>
        </member>
        <member name="M:CommunicationChannel.Tcp.IsConnected">
            <summary>
            Find if the socket is connected to the remote host.
            </summary>
            <returns></returns>
        </member>
        <member name="T:CommunicationChannel.Protocol">
            <summary>
            Class that defines the communication protocol commands
            </summary>
        </member>
        <member name="T:CommunicationChannel.Protocol.Command">
            <summary>
            Defines the protocols for the communication channel
            </summary>
        </member>
        <member name="F:CommunicationChannel.Protocol.Command.ConnectionEstablished">
            <summary>
            0 represents that connection is established
            </summary>
        </member>
        <member name="F:CommunicationChannel.Protocol.Command.DataReceivedConfirmation">
            <summary>
            1 represents that data is recieved by server
            </summary>
        </member>
        <member name="F:CommunicationChannel.Protocol.Command.Ping">
            <summary>
            2 represents that server is pinged
            </summary>
        </member>
        <member name="F:CommunicationChannel.Protocol.Command.SetNewpost">
            <summary>
            3 send the router a message for another client
            </summary>
        </member>
        <member name="F:CommunicationChannel.Protocol.Command.Messages">
            <summary>
            4 represents messages of another client arriving from the router
            </summary>
        </member>
        <member name="T:CommunicationChannel.Spooler">
            <summary>
            This class is used for saving, updating the data in the queue list.
            </summary>
        </member>
        <member name="M:CommunicationChannel.Spooler.AddToQuee(System.Byte[])">
            <summary>
            Add the data to the spooler Queue.
            </summary>
            <param name="data">byte array</param>
        </member>
        <member name="M:CommunicationChannel.Spooler.RemovePersistent(System.UInt32)">
            <summary>
            Remove the data that from the spooler Queue.
            </summary>
            <param name="dataId"> Data id</param>
        </member>
        <member name="M:CommunicationChannel.Spooler.OnSendCompleted(System.Byte[],System.Exception,System.Boolean)">
            <summary>
            On send completed it remove the sent packet and insert in the spooler queue before closing the communication channnel.
            </summary>
            <param name="data">data</param>
            <param name="ex">exception</param>
            <param name="connectionIsLost">connection status</param>
        </member>
        <member name="M:CommunicationChannel.Spooler.OnConfirmReceipt(System.UInt32)">
            <summary>
            Confirm the receipt status on the sent data before sending the next message
            </summary>
            <param name="dataId"> data ID</param>
        </member>
        <member name="T:CommunicationChannel.Utility">
            <summary>
             This is an utility class which provides method to converting data, hashing data or get neccesity information.
            </summary>
        </member>
        <member name="M:CommunicationChannel.Utility.DataId(System.Byte[])">
            <summary>
            Converts the Byte array to Uintegers.
            </summary>
            <param name="data"> Byte Array </param>
            <returns>Integer</returns>
        </member>
        <member name="M:CommunicationChannel.Utility.DataIdBinary(System.Byte[])">
            <summary>
            Return Byte Array from DataId.
            </summary>
            <param name="data">Byte Array</param>
            <returns>Byte Array</returns>
        </member>
        <member name="M:CommunicationChannel.Utility.FastHash(System.Byte[])">
            <summary>
            To Hash the data.
            </summary>
            <param name="data">Byte Array</param>
            <returns>Hash</returns>
        </member>
        <member name="M:CommunicationChannel.Utility.GetLocalIPAddress">
            <summary>
            Resolves an IP address to an IPHostEntry instance.
            </summary>
            <returns>IP</returns>
        </member>
        <member name="T:Bytes">
            <summary>
            This class contains the operations, which are helpful in processing bytes array.
            </summary>
        </member>
        <member name="M:Bytes.Reverse(System.Byte[])">
            <summary>
            Reverse the recieve byte.
            </summary>
            <param name="me">extend the method of byte array.</param>
            <returns>reverserd byte</returns>
        </member>
        <member name="M:Bytes.Combine(System.Byte[],System.Byte[],System.Byte[][])">
            <summary>
            Combine the data packets into single byte array.
            </summary>
            <param name="me"> extend the method of byte array. </param>
            <param name="first">byte array</param>
            <param name="element">byte array list</param>
            <returns>combined byte array</returns>
        </member>
        <member name="M:Bytes.Combine(System.Byte[],System.Byte[])">
            <inheritdoc cref="M:Bytes.Combine(System.Byte[],System.Byte[],System.Byte[][])"/>
        </member>
        <member name="M:Bytes.Combine(System.Byte[][])">
            <inheritdoc cref="M:Bytes.Combine(System.Byte[],System.Byte[],System.Byte[][])"/>
        </member>
        <member name="M:Bytes.Split(System.Byte[])">
            <summary>
            Divide merged data packets with join function
            </summary>
            <param name="data">Combined packages</param>
            <returns>Split data List</returns>
        </member>
        <member name="M:Bytes.Join(System.Byte[],System.Byte[][])">
            <summary>
            Join data packets
            </summary>
            <param name="data"> packages to join</param>
            <param name="values"></param>
            <returns>Byte array splittable</returns>
        </member>
        <member name="M:Bytes.Join(System.Byte[][])">
            <inheritdoc cref="M:Bytes.Join(System.Byte[],System.Byte[][])"/>
        </member>
        <member name="M:Bytes.GetBytesFromASCII(System.String)">
            <summary>
            Get bytes from ASCII.
            </summary>
            <param name="me"> string to get byte from.</param>
            <returns>byte array</returns>
        </member>
        <member name="M:Bytes.ToUnicode(System.Byte[])">
            <summary>
            Get unicode from byte array.
            </summary>
            <param name="me">byte array</param>
            <returns> unicode string </returns>
        </member>
        <member name="M:Bytes.ToASCII(System.Byte[])">
            <summary>
            Get ASCII from byte array.
            </summary>
            <param name="me">byte array</param>
            <returns> ASCII</returns>
        </member>
        <member name="M:Bytes.ToBase64(System.Byte[])">
            <summary>
            Get Base64 from byte array.
            </summary>
            <param name="me">byte array</param>
            <returns> Base64 string</returns>
        </member>
        <member name="M:Bytes.ToHex(System.Byte[])">
            <summary>
            Get hex from byte array.
            </summary>
            <param name="bytes">byte array</param>
            <returns> hex string</returns>
        </member>
        <member name="M:Bytes.Base64ToBytes(System.String)">
            <summary>
            Get byte array from Base64 string.
            </summary>
            <param name="base64">Base64 string</param>
            <returns> byte array</returns>
        </member>
        <member name="M:Bytes.HexToBytes(System.String)">
            <summary>
            Get byte array from hex.
            </summary>
            <param name="hex">hex string</param>
            <returns>byte array</returns>
        </member>
        <member name="M:Bytes.Take(System.Byte[],System.Int32)">
            <summary>
            Take the define number of elements from the byte array.
            </summary>
            <param name="source">byte array</param>
            <param name="length"> number of element to take</param>
            <returns> byte array</returns>
        </member>
        <member name="M:Bytes.Skip(System.Byte[],System.Int32)">
            <summary>
            Skip the byte from the byte array
            </summary>
            <param name="source"> byte array</param>
            <param name="offset"> number of the byte to skip</param>
            <returns> byte array </returns>
        </member>
        <member name="M:Bytes.SequenceEqual(System.Byte[],System.Byte[])">
            <summary>
            Compare the sequence of the two byte array.
            </summary>
            <param name="source"> source byte array</param>
            <param name="compareTo"> byte array to be compared with</param>
            <returns> True or False </returns>
        </member>
        <member name="M:Bytes.GetBytes(System.Int32)">
            <summary>
            Transform a primordial value into the byte array representing it.
            </summary>
            <param name="value">Value to convert</param>
            <returns>Bytes array to represent the value</returns>
        </member>
        <member name="M:Bytes.GetBytes(System.UInt32)">
            <inheritdoc cref="M:Bytes.GetBytes(System.Int32)"/>
        </member>
        <member name="M:Bytes.GetBytes(System.Int64)">
            <inheritdoc cref="M:Bytes.GetBytes(System.Int32)"/>
        </member>
        <member name="M:Bytes.GetBytes(System.UInt64)">
            <inheritdoc cref="M:Bytes.GetBytes(System.Int32)"/>
        </member>
        <member name="M:Bytes.GetBytes(System.Int16)">
            <inheritdoc cref="M:Bytes.GetBytes(System.Int32)"/>
        </member>
        <member name="M:Bytes.GetBytes(System.UInt16)">
            <inheritdoc cref="M:Bytes.GetBytes(System.Int32)"/>
        </member>
        <member name="M:Bytes.GetBytes(System.String)">
            <inheritdoc cref="M:Bytes.GetBytes(System.Int32)"/>
        </member>
    </members>
</doc>
