<?xml version="1.0"?>
<doc>
    <assembly>
        <name>SecureStorage</name>
    </assembly>
    <members>
        <member name="T:SecureStorage.Cryptography">
            <summary>
            Class to encrypt and decrypt the data.
            </summary>
        </member>
        <member name="M:SecureStorage.Cryptography.Encrypt(System.Byte[],System.Byte[])">
            <summary>
            Encrypt a sequence of bytes using the Bitcoin cryptographic algorithm
            </summary>
            <param name="clearBytes">Sequence of bytes to encrypt</param>
            <param name="password">Key for encryption</param>
            <returns>Encrypted bytes</returns>
        </member>
        <member name="M:SecureStorage.Cryptography.Decrypt(System.Byte[],System.Byte[])">
            <summary>
            Decrypt a sequence of encrypted data with the Encrypt function
            </summary>
            <param name="cipherBytes">Data to decrypt</param>
            <param name="password">Encryption key </param>
            <returns>Decrypted bytes</returns>
        </member>
        <member name="T:SecureStorage.DataStorage">
            <summary>
            This class has been conceived to be able to save data in a safe way, that is: The saved data of any application cannot be considered safe if it will be accessible in clear text to other applications or resident software. For encryption to be active, the library must be initialized using the Initializer class, enabling encryption (encryption is enabled by default).
            </summary>
        </member>
        <member name="M:SecureStorage.DataStorage.#ctor(SecureStorage.Storage)">
            <summary>
            Initialized object storage using the Initializer class, enabling encryption (encryption is enabled by default).
            </summary>
            <param name="secureStorage"> Storage name</param>
        </member>
        <member name="M:SecureStorage.DataStorage.SaveData(System.Byte[],System.String)">
            <summary>
            This method is used to encrypt and securely save data with their public properties.
            </summary>
            <param name="data"> Data to save</param>
            <param name="key">Key used to save the Data.</param>
        </member>
        <member name="M:SecureStorage.DataStorage.LoadData(System.String)">
            <summary>
            This method is used to load a previously saved data.
            </summary>
            <param name="key">Key used to save data</param>
            <returns>Saved data</returns>
        </member>
        <member name="M:SecureStorage.DataStorage.BinarySerialize(System.Object,System.String)">
            <summary>
            Serialize the object using the key.
            </summary>
            <param name="obj">Object to be serialized</param>
            <param name="key">Key used to serialize the object</param>
        </member>
        <member name="M:SecureStorage.DataStorage.BinaryDeserialize(System.String)">
            <summary>
            Deserialize the binary data to object using the key.
            </summary>
            <param name="key">Key used to deserialize </param>
            <returns>object</returns>
        </member>
        <member name="T:SecureStorage.ObjectStorage">
            <summary>
            This class has been conceived to be able to save objects in a safe way, that is: The saved data of any application cannot be considered safe if it will be accessible in clear text to other applications or resident software. For encryption to be active, the library must be initialized using the Initializer class, enabling encryption (encryption is enabled by default).
            </summary>
        </member>
        <member name="M:SecureStorage.ObjectStorage.#ctor(SecureStorage.Storage)">
            <summary>
            Initialized object storage using the Initializer class, enabling encryption (encryption is enabled by default).
            </summary>
            <param name="secureStorage">storage name</param>
        </member>
        <member name="M:SecureStorage.ObjectStorage.SaveObject(System.Object,System.String)">
            <summary>
            This method is used to encrypt and securely save objects with their public properties. Only public properties will be saved via serializations, so it is important that the class has a parameterless constructor for deserialization.In case the class has only parameterized constructors, it will be necessary to add an empty parameterless constructor, otherwise the deserialization fails.
            </summary>
            <param name="obj">Object to save</param>
            <param name="key">Key used to save the object. This key will be used to upload the object in the future. If this parameter is omitted, then it will be automatically deduced from the Key or Id property of the employee, or the default j and y will be assigned.</param>
            <returns>The key used to save the object</returns>
            <exception cref="T:System.ArgumentException">Object to save</exception>
        </member>
        <member name="M:SecureStorage.ObjectStorage.LoadObject(System.Type,System.String,System.Boolean)">
            <summary>
            This method is used to load a previously saved object.
            </summary>
            <param name="type">The type of the object you want to load. Represents type declarations: class types, interface types, array types, value types, enumeration types, type parameters, generic type definitions, and open or closed constructed generic types</param>
            <param name="key">The key that was used to save the object</param>
            <param name="createIfNonexistent">Create a new instance if there is no object saved with the required key</param>
            <returns>saved object</returns>
            <exception cref="T:System.ArgumentException"></exception>
        </member>
        <member name="M:SecureStorage.ObjectStorage.GetAllKey(System.Type)">
            <summary>
            Get all the keys used to save a certain type of objects.
            </summary>
            <param name="type">The type of object whose keys you want to get</param>
            <returns>The keys used to save the object</returns>
        </member>
        <member name="M:SecureStorage.ObjectStorage.GetAllObjects(System.Type)">
            <summary>
            Get all the save objects by the type it was saved.
            </summary>
            <param name="type">The type of object you want to get </param>
            <returns>The objects by type</returns>
        </member>
        <member name="M:SecureStorage.ObjectStorage.DeleteObject(System.Type,System.String)">
            <summary>
            Delete the saved object.
            </summary>
            <param name="type">The type of object</param>
            <param name="key"> The key that was used to save the object</param>
        </member>
        <member name="M:SecureStorage.ObjectStorage.DeleteAllObject(System.Type)">
            <summary>
            Delete all the object of certain type
            </summary>
            <param name="type">The type of the object</param>
        </member>
        <member name="T:SecureStorage.Storage">
            <summary>
            Provides the library initializer, and object instances that handle saving data in various formats
            </summary>
        </member>
        <member name="M:SecureStorage.Storage.#ctor(System.String,System.Func{System.String,System.String},SecureStorage.Storage.SetKeyValueSecure,System.Boolean)">
            <summary>
            Prepares the library for using cryptography. Before using the library, initialization is mandatory!
            </summary>
            <param name="domain">The domain allows you to use multiple instances of the library. Then use different domains to have multiple instances</param>
            <param name="getSecureKeyValue">Function to get keys safely save in hardware.</param>
            <param name="setSecureKeyValue">Secure function provided by the hardware to be able to save keys</param>
            <param name="encrypted">Enable encryption (by default it is active and it is recommended not to delete it to keep your data safe)</param>
        </member>
        <member name="M:SecureStorage.Storage.Dispose">
            <summary>
            Call Dispose to free resources explicitly
            </summary>
        </member>
        <member name="M:SecureStorage.Storage.Dispose(System.Boolean)">
            <summary>
            Implement dispose to free resources
            </summary>
            <param name="disposedStatus"></param>
        </member>
        <member name="M:SecureStorage.Storage.Destroy">
            <summary>
            Delete all the directory with all the content in it.
            </summary>
        </member>
        <member name="M:SecureStorage.Storage.DeleteDirectoryRecursively(System.IO.IsolatedStorage.IsolatedStorageFile,System.String)">
            <summary>
            Delete a specific file from a directory.
            </summary>
            <param name="storageFile">Name of the file to delete</param>
            <param name="dirName">Directory Name to delete the file from it</param>
        </member>
        <member name="F:SecureStorage.Storage.IsoStore">
            <summary>
            The location of the secure storage
            </summary>
        </member>
        <member name="F:SecureStorage.Storage.SecureKeyValueCapability">
            <summary>
            A value that indicates for the device, the manager that keeps the keys works regularly. A false value indicates that there are serious security problems.
            </summary>
        </member>
        <member name="F:SecureStorage.Storage.DataStorage">
            <summary>
            Functionality to save binary data
            </summary>
        </member>
        <member name="F:SecureStorage.Storage.ObjectStorage">
            <summary>
            Functionality to save objects
            </summary>
        </member>
        <member name="F:SecureStorage.Storage.Values">
            <summary>
            Functionality to save values
            </summary>
        </member>
        <member name="T:SecureStorage.Storage.SetKeyValueSecure">
            <summary>
            Delegate of function to securely save a key-value pair, which will then be read with GetKeyValue
            </summary>
        </member>
        <member name="M:SecureStorage.Storage.SetKeyValue_Default(System.String,System.String)">
            <summary>
            Secure function provided by the hardware to be able to save keys
            </summary>
            <param name="key">Key to identify the users and will be used to save and delete data on the device</param>
            <param name="value"> Encrypted Key Value</param>
        </member>
        <member name="T:SecureStorage.Values">
            <summary>
            <para>The necessity and desire to secure personal information is one thing that everyone shares around the world in the recent times, ranging from businesses to governments to military structures. Data security is critical whether it is being stored, sent, or delivered. Data breaches, hacking, and lost or stolen devices can have catastrophic financial and reputational costs. The need for a Library to protect data generated and handled by applications arose from a desire to protect not only public structures, but also individual citizens, who are even more at risk if their freedom of expression, gender, religion, and any data relating to their person and loved ones is not protected. </para>
            <para>Any application that does not secure the data it generates and manages carries the risk of revealing sensitive information that can be used to profile users, scammers to invent scams, and hackers to carry out their plans to pirated programs. The information created by the applications can easily be gathered and marketed on the dark web. </para>
            <para>SecureStorage is a library that provides effective encryption to the apps that use it, making the data generated by it inaccessible and inviolable. </para>
            <para> Any application creates a large quantity of data; some of it serves just as a warning, while others are essential to the application's operation and users, and some of it, if interfered with, can allow the application and its content to be hacked.</para>
            <para>To protect yourself from malicious hackers and organizational data breaches, encrypt all data generated by the application and prevent it from being saved in a way that may be read externally. In the case that unwanted access is permitted to a computer network or storage device, other apps on the same device, or system applications designed with fraudulent purpose by the device's maker, encryption provides an extra level of protection. The hacker will be unable to access the application data encrypted through SecureStorage.</para>
            <para><b>What is encryption?</b></para>
            <para>Simply said, encryption transforms data entered into a digital device into gibberish-like pieces. The encrypted data becomes more unreadable and indecipherable as the encryption technique becomes more complex. Decryption, on the other hand, restores the encrypted data to its original state, making it readable again. Unencrypted data is referred to as normal data, and encrypted data is referred to as encrypted data.</para>
            <para><b>Software vs Hardware encryption </b></para>
            <para>Software encryption encrypts data on a logical disk using a number of software packages. A unique key is created and saved in the computer's memory when a drive is encrypted for the first time. A user passcode is used to encrypt the key. When a user enters the passcode, the key is unlocked, allowing access to the drive's unencrypted data. The drive also stores a copy of the key. When data is written to the drive, it is encrypted using the key before it is physically committed to the disk; software encryption works as an intermediate between application read / write data on the device. Before being given to the software, data read from the drive is decrypted using the same key.
            Hardware - level encryption is possible on some devices: Hardware - based encryption is used in Self - Encrypting Drives(SEDs), which takes a more comprehensive approach to encrypting user data. SEDs include an AES encryption chip that encrypts data before it is written to NAND media and decrypts it before it is read. Between the operating system loaded on the drive and the system BIOS is where hardware encryption takes place. An encryption key is generated and stored on NAND flash memory when the drive is encrypted for the first time. A custom BIOS is loaded when the system is first booted, prompting for a user password. The contents of the drive are decrypted and access to the operating system and user data is provided once the pass is entered.</para>
            <para>Self-encrypting drives also encrypt and decrypt data on the fly, with the built-in cryptographic chip encrypting and decrypting data before it is written to NAND flash memory. Because the encryption procedure does not use the host CPU, the performance penalty associated with software encryption is reduced. The encryption key is typically placed in the SSD's built-in memory at system startup, which complicates recovery and makes it less vulnerable to low-level attacks. This hardware-based encryption solution provides strong data security in the event that the device is lost, cannot be disabled, and has no performance impact. However, it is a type of low-level encryption that is completely transparent to the device that uses these storage units, as well as to all software programs that run on the device. As a result, this type of encryption does not protect the data of individual applications and users from other resident programs that can see all of the data stored in clear text. </para>
            <para>SecureStorage provides an additional layer of security for individuals who utilize primary hardware encrypted devices, rendering the data unreadable outside of the single program that created and is using it. </para>
            <para> The Advanced Encryption Standard (AES) is a cryptographic technique that is based on the Rijndael family of algorithms. It is now one of the most widely used encryption and decryption techniques. Vincent Rijmjen and Joan Daemen created the Rijndael algorithm, which is a block cipher. It's a symmetric-key algorithm, which means it encrypts and decrypts data with the same key. As a consequence of the NIST Advanced Encryption Standard competition, the Rijndael algorithm was chosen as an Advanced Encryption Standard and the successor to the Data Encryption Standard (DES). The competition was held in order to produce a new cryptographic standard as a replacement for the obsolete DES. Because to the modernization of computer technologies, the Data Encryption Standard's key length (56 bits) was insecure at the time. The Rijndael family of functions is represented by three algorithms in the AES standard. They have varying key lengths of 128, 192, and 256 bits, but they all use the same 128-bit block length. More variations of encryption algorithms, cyphers, and other cryptographic functions are included in the Rijndael family of hashing functions than in AES. The Advanced Encryption Standard was designed to work equally well in software and hardware implementations. With the deployment of the substitution–permutation network design, it was possible. This network design is similar to the Feistel network, which was utilized in DES, but it is faster to compute on both hardware and software, which was critical given DES's software implementation inefficiency. </para>
            <para>Our cryptography is the same as that used in Bitcoin, which has been put to the test by hackers all around the world without ever being broken: Breaking this form of cryptography would give you access to coins stored in wallets, which no one has ever done before. </para>
            <para>The Advanced Encryption Algorithm (AES256) is an AES algorithm with a key length of 256 bits.The computational difficulty of the decryption is affected by the length of the AES version. The key recovery for AES 256-encrypted data requires more computational power than the 128 and 192-bit variants. The biclique attack, for example, can decrypt AES128 with a computational complexity of 2126. The computational complexity of biclique attacks on AES 192 and AES 256 are 2189.9 and 2254.3, respectively.However, for every key length, real execution of the attacks on the AES-protected data is currently impractical. All of the AES attacks are hypothetical. Every known AES attack would take millions of years to complete, regardless of the algorithm's key length.</para>
            </summary>
            
            <summary>
            This class is used to save in an encrypted and secure way the values, which can be used by any application that needs to store parameters, such as configuration values, flags, names, and variables that you do not want to be lost after restarting of the application
            </summary>
        </member>
        <member name="M:SecureStorage.Values.Set(System.String,System.Boolean)">
            <summary>
            Permanently save the value of a variable, for possible use after reloading the application
            </summary>
            <param name="name">Name to assign to the variable</param>
            <param name="value">The value of the variable to save </param>
        </member>
        <member name="M:SecureStorage.Values.Get(System.String,System.Boolean)">
            <summary>
            Load a previously saved value of a variable, if it has not been previously saved then the returned value will be by default indicated in the parameter
            </summary>
            <param name="name">The name assigned to the variable</param>
            <param name="defaultValue">This value will be returned if the variable has never been previously saved</param>
            <returns>The value of the previously saved variable, or the default value</returns>
        </member>
        <member name="M:SecureStorage.Values.Set(System.String,System.String)">
            <inheritdoc cref="M:SecureStorage.Values.Set(System.String,System.Boolean)"/>
        </member>
        <member name="M:SecureStorage.Values.Get(System.String,System.String)">
            <inheritdoc cref="M:SecureStorage.Values.Get(System.String,System.Boolean)"/>
        </member>
        <member name="M:SecureStorage.Values.Set(System.String,System.Int32)">
            <inheritdoc cref="M:SecureStorage.Values.Set(System.String,System.Boolean)"/>
        </member>
        <member name="M:SecureStorage.Values.Get(System.String,System.Int32)">
            <inheritdoc cref="M:SecureStorage.Values.Set(System.String,System.Boolean)"/>
        </member>
        <member name="M:SecureStorage.Values.Set(System.String,System.UInt32)">
            <inheritdoc cref="M:SecureStorage.Values.Set(System.String,System.Boolean)"/>
        </member>
        <member name="M:SecureStorage.Values.Get(System.String,System.UInt32)">
            <inheritdoc cref="M:SecureStorage.Values.Get(System.String,System.Boolean)"/>
        </member>
        <member name="M:SecureStorage.Values.Set(System.String,System.Int64)">
            <inheritdoc cref="M:SecureStorage.Values.Set(System.String,System.Boolean)"/>
        </member>
        <member name="M:SecureStorage.Values.Get(System.String,System.Int64)">
            <inheritdoc cref="M:SecureStorage.Values.Get(System.String,System.Boolean)"/>
        </member>
        <member name="M:SecureStorage.Values.Set(System.String,System.UInt64)">
            <inheritdoc cref="M:SecureStorage.Values.Set(System.String,System.Boolean)"/>
        </member>
        <member name="M:SecureStorage.Values.Get(System.String,System.UInt64)">
            <inheritdoc cref="M:SecureStorage.Values.Get(System.String,System.Boolean)"/>
        </member>
        <member name="M:SecureStorage.Values.Set(System.String,System.Int16)">
            <inheritdoc cref="M:SecureStorage.Values.Set(System.String,System.Boolean)"/>
        </member>
        <member name="M:SecureStorage.Values.Get(System.String,System.Int16)">
            <inheritdoc cref="M:SecureStorage.Values.Get(System.String,System.Boolean)"/>
        </member>
        <member name="M:SecureStorage.Values.Set(System.String,System.UInt16)">
            <inheritdoc cref="M:SecureStorage.Values.Set(System.String,System.Boolean)"/>
        </member>
        <member name="M:SecureStorage.Values.Get(System.String,System.UInt16)">
            <inheritdoc cref="M:SecureStorage.Values.Get(System.String,System.Boolean)"/>
        </member>
        <member name="M:SecureStorage.Values.Set(System.String,System.Double)">
            <inheritdoc cref="M:SecureStorage.Values.Set(System.String,System.Boolean)"/>
        </member>
        <member name="M:SecureStorage.Values.Get(System.String,System.Double)">
            <inheritdoc cref="M:SecureStorage.Values.Get(System.String,System.Boolean)"/>
        </member>
        <member name="M:SecureStorage.Values.Set(System.String,System.DateTime)">
            <inheritdoc cref="M:SecureStorage.Values.Set(System.String,System.Boolean)"/>
        </member>
        <member name="M:SecureStorage.Values.Get(System.String,System.DateTime)">
            <inheritdoc cref="M:SecureStorage.Values.Get(System.String,System.Boolean)"/>
        </member>
        <member name="M:SecureStorage.Values.Delete(System.String,System.Type)">
            <summary>
            Clear a previously saved value with a key
            </summary>
            <param name="name">Key of value to delete</param>
            <param name="type">Type of value to delete</param>
        </member>
    </members>
</doc>
