<?xml version="1.0"?>
<doc>
    <assembly>
        <name>SystemExtra</name>
    </assembly>
    <members>
        <member name="T:SystemExtra.Util">
            <summary>
            Add extra system functions, for cross-platform application development
            </summary>
        </member>
        <member name="M:SystemExtra.Util.IsMounted(System.String,System.Boolean@)">
            <summary>
            Detect if a disk is mounted in a certain path
            </summary>
            <param name="path">Path where the disk should be mounted</param>
            <param name="isValidMounthPath">Returns true if the path actually matches a placeholder for mounted disks</param>
            <returns>Returns true if there is a disk mounted at the specified path</returns>
        </member>
        <member name="M:SystemExtra.Util.CreateVirtualDisk(System.String,System.String,System.Boolean)">
            <summary>
            Create a virtual disk and mount it at the specified location
            </summary>
            <param name="vhdxFullName">Path end name file name of .vhdx file</param>
            <param name="mountTo">Path o device letter</param>
            <param name="blockAccess">Blocks all users from using the directory which contains the virtual disk</param>
        </member>
        <member name="M:SystemExtra.Util.BlockDirectoryAccess(System.String,System.Boolean)">
            <summary>
            Deny access or remove the lock on a specified directory
            </summary>
            <param name="directory">Dicerctory di block/unblock</param>
            <param name="block">True to block, false to unblock</param>
        </member>
        <member name="M:SystemExtra.Util.IsMounted(System.String)">
            <summary>
            Returns true if a disk is mounted at a certain location
            </summary>
            <param name="mountPath">Location to search if the disk is mounted</param>
            <returns></returns>
        </member>
        <member name="M:SystemExtra.Util.MountVirtualDisk(System.String,System.String)">
            <summary>
            Mount a virtual disk at the specified location
            </summary>
            <param name="vhdxFullName">Path end name file name of .vhdx file</param>
            <param name="mountTo">Path o device letter</param>
        </member>
        <member name="M:SystemExtra.Util.UnmountVirtualDisk(System.String)">
            <summary>
            Unmount a virtual disk
            </summary>
            <param name="vhdxFullName">Path end name file name of .vhdx file</param>
        </member>
        <member name="T:SystemExtra.Util.Browser">
            <summary>
            Browser engine
            </summary>
        </member>
        <member name="F:SystemExtra.Util.CurrentBrowser">
            <summary>
            Browser to use in kiosk mode
            </summary>
        </member>
        <member name="P:SystemExtra.Util.KioskMode">
            <summary>
            Set the application in stand alone mode (Kiosk mode)
            </summary>
        </member>
        <member name="M:SystemExtra.Util.DisallowScreensaver(System.Boolean)">
            <summary>
            Turn screensaver off permanently (on/off)
            </summary>
            <param name="status">on/off (status true = on)</param>
        </member>
        <member name="M:SystemExtra.Util.BrowserSetForKioskMode(System.String)">
            <summary>
            Aggiungi impostazioni personalizzate al browser, destinate a girare in modalità kiosk
            </summary>
        </member>
        <member name="M:SystemExtra.Util.DisallowSpecialKeys(System.Boolean)">
            <summary>
            Disables key combinations that allow you to exit kiosk mode or interact with the browser for unauthorized purposes
            </summary>
            <param name="status"></param>
        </member>
        <member name="P:SystemExtra.Util.AutoLogin">
            <summary>
            Set up automatic login in the operating system
            </summary>
        </member>
        <member name="M:SystemExtra.Util.SetStartupSessionForCurrentUser(System.Boolean)">
            <summary>
            Add current application in boot menu 
            </summary>
            <param name="automaticEntry"></param>
            <exception cref="T:System.Exception"></exception>
        </member>
        <member name="P:SystemExtra.Util.X11OnStartFileEvent">
            <summary>
            Script file that runs when the X11 graphics manager starts
            </summary>
        </member>
        <member name="M:SystemExtra.Util.ExecuteCommand(System.String,System.String)">
            <summary>
            Run the operating system command and read the returned text output
            </summary>
            <param name="command">Command to execute</param>
            <param name="arguments">Arguments of command</param>
            <returns></returns>
        </member>
        <member name="M:SystemExtra.Util.ExecuteCommand(System.String,System.String,System.Int32@,System.Boolean,System.Action{System.String})">
            <summary>
            Run the operating system command and read the returned text output
            </summary>
            <param name="command">Command to execute</param>
            <param name="arguments">Arguments of command</param>
            <param name="exitCode">the exit code returned from the execution of the command</param>
            <param name="showOutputInConsole">Print the output lines generated on command execution to the console</param>
            <param name="outputLine">Event that is generated for each output line returned</param>
            <returns>The text generated by the execution of the command</returns>
        </member>
        <member name="M:SystemExtra.Util.ExecuteCommand(System.String)">
            <summary>
            Run command and read the returned text output.
            </summary>
            <param name="commandAndArguments">Command to execute</param>
            <returns></returns>
        </member>
        <member name="M:SystemExtra.Util.ExecuteCommand(System.String,System.Int32@,System.Boolean,System.Action{System.String})">
            <summary>
            Run command and read the returned text output.
            This method resolves the path to automatically find the location of the command to execute
            </summary>
            <param name="commandAndArguments">Command to execute with arguments</param>
            <param name="exitCode">the exit code returned from the execution of the command</param>
            <param name="showOutputInConsole">Print the output lines generated on command execution to the console</param>
            <param name="outputLine">Event that is generated for each output line returned</param>
            <returns>The text generated by the execution of the command. Command not found return null</returns>
        </member>
        <member name="M:SystemExtra.Util.ExecuteSystemCommand(System.String,System.Action{System.String})">
            <summary>
            Run a bash terminal command (linux/mac) or cmd on windows.
            List of bash command https://www.logicweb.com/knowledgebase/linux/linux-bash-commands-a-z/
            </summary>
            <returns>The output of the operation</returns>
        </member>
        <member name="P:SystemExtra.Util.SystemService">
            <summary>
            Create a system service for this application. With the system service the application will start automatically when the machine is started and will remain resident.
            Currently only Linux is supported.
            </summary>
        </member>
        <member name="M:SystemExtra.Util.CreateService(System.Nullable{System.Int32})">
            <summary>
            Create a system service for this application. With the system service the application will start automatically when the machine is started and will remain resident.
            Currently only Linux is supported.
            </summary>
            <param name="instanceId">Set this value if you plan to have multiple instances of the application that start automatically</param>
        </member>
        <member name="P:SystemExtra.Util.ServiceStatus">
            <summary>
            Allow/Disallow service
            </summary>
        </member>
        <member name="M:SystemExtra.Util.WiFiExists">
            <summary>
            Check if the wifi module is present
            </summary>
            <returns></returns>
        </member>
        <member name="M:SystemExtra.Util.SetHotspot(System.String,System.String,System.Nullable{System.Boolean})">
            <summary>
            Configure WiFi Access Points and turn on the hotspot
            </summary>
            <param name="ssid">Network name</param>
            <param name="password">Hotspot password</param>
            <param name="enabled">If set to true/false, turn the hotspot on/off</param>
        </member>
        <member name="P:SystemExtra.Util.Hotspot">
            <summary>
            Turn hotspot on/off
            </summary>
        </member>
        <member name="M:SystemExtra.Util.GetConnectedDevices">
            <summary>
            Get the list of devices that are connected to the hotspot, with their properties
            </summary>
            <returns>The list of devices connected to the hotspot</returns>
        </member>
        <member name="T:SystemExtra.Util.Device">
            <summary>
            Device data class
            </summary>
        </member>
        <member name="F:SystemExtra.Util.Device.IP">
            <summary>
            Device IP
            </summary>
        </member>
        <member name="F:SystemExtra.Util.Device.Name">
            <summary>
            Device name
            </summary>
        </member>
        <member name="F:SystemExtra.Util.Device.MAC">
            <summary>
            Device MAC address
            </summary>
        </member>
        <member name="M:SystemExtra.Util.SetFirewall(System.Int32,System.Boolean)">
            <summary>
            Open firewall port
            </summary>
            <param name="port">Port</param>
            <param name="allow">Set status: true = enable, false = disable</param>
        </member>
        <member name="M:SystemExtra.Util.SetStartupLogo(System.String)">
            <summary>
            Customize the operating system boot logo
            </summary>
            <param name="logoFullFileName">The path of the logo file to be set at boot, if null the default logo will be reset</param>
        </member>
        <member name="M:SystemExtra.Util.StartupLogoIsCustomized">
            <summary>
            Returns true if the logo showing the operating system on boot has been customized
            </summary>
            <returns>True if the logo has been customized, otherwise false</returns>
        </member>
        <member name="M:SystemExtra.Util.PathOfPackage(System.String)">
            <summary>
            Ask for the location of a package
            </summary>
            <param name="packageName">The package name case sensitive</param>
            <returns>The location + packageName, or null if the package is not installed</returns>
        </member>
        <member name="M:SystemExtra.Util.PackageIsIntalled(System.String)">
            <summary>
            Check if a software package has already been installed.
            </summary>
            <param name="packageName"></param>
            <returns>True id has already installed</returns>
        </member>
        <member name="P:SystemExtra.Util.Platform">
            <summary>
            Returns the platform category in use (the mother distro)
            </summary>
            <returns>The mother distro</returns>
        </member>
        <member name="T:SystemExtra.Util.PlatformCategory">
            <summary>
            Mother distro
            </summary>
        </member>
        <member name="F:SystemExtra.Util.PlatformCategory.Unrecognized">
            <summary>
            Unrecognized OS
            </summary>
        </member>
        <member name="F:SystemExtra.Util.PlatformCategory.Windows">
            <summary>
            Microsoft Windows
            </summary>
        </member>
        <member name="F:SystemExtra.Util.PlatformCategory.OSX">
            <summary>
            Apple OSX
            </summary>
        </member>
        <member name="F:SystemExtra.Util.PlatformCategory.Linux">
            <summary>
            Linux generic
            </summary>
        </member>
        <member name="F:SystemExtra.Util.PlatformCategory.Debian">
            <summary>
            Debian and its derivatives
            </summary>
        </member>
        <member name="F:SystemExtra.Util.PlatformCategory.Centos">
            <summary>
            Distros derived from centos
            </summary>
        </member>
        <member name="F:SystemExtra.Util.PlatformCategory.ClearLinux">
            <summary>
            Linux by Intel
            </summary>
        </member>
        <member name="M:SystemExtra.Util.InstallPackage(System.String,System.Boolean)">
            <summary>
            Check if a software package has already been installed and install a software package if necessary
            </summary>
            <param name="packageName">The name of the package to install</param>
            <param name="updateSystem">Run the system update before proceeding with the installation</param>
        </member>
        <member name="M:SystemExtra.Util.SetUserAccess(System.Boolean,System.String)">
            <summary>
            Enable or disable local user access to files and directories
            </summary>
            <param name="allow">Set status</param>
            <param name="path">Path of file or directory</param>
        </member>
        <member name="M:SystemExtra.Util.GetAutoStart">
            <summary>
            Gets the current state of the application's auto start setting
            </summary>
            <returns>Returns true if auto start has been set, false if it has been disabled.</returns>
        </member>
        <member name="M:SystemExtra.Util.SetAutoStart(System.Boolean,System.Nullable{System.Int32})">
            <summary>
            Set the application to start automatically when the operating system boots
            With Linux a service will be created, on Windows a Task Scheduler will be programmed that starts the application when the system starts
            </summary>
            <param name="active">True to enable auto start, false to disable it</param>
            <param name="instanceId">Set this value if you plan to have multiple instances of the application that start automatically</param>
        </member>
        <member name="P:SystemExtra.Util.AutoStart">
            <summary>
            Set to true to set the automatic start of the current application, false to disable it.
            When reading, it returns null if the parameter has not been set, or the current state is true/valid
            </summary>
        </member>
        <member name="M:SystemExtra.Util.AddScripts(System.String,System.String,System.Boolean)">
            <summary>
            Add a script to a file (if the script hasn't already been added)
            </summary>
            <param name="fullFileName">Script file</param>
            <param name="script">Script</param>
            <param name="onBottom">True to add it to the bottom, or false to add it to the beginning of the file</param>
        </member>
        <member name="T:SystemExtra.Settings">
            <summary>
            Class for handling settings files
            </summary>
        </member>
        <member name="M:SystemExtra.Settings.#ctor(System.String)">
            <summary>
            Constructor
            </summary>
            <param name="fullFileName">File setting to handling</param>
        </member>
        <member name="M:SystemExtra.Settings.GetValue(System.String,System.String[]@,System.Int32@,System.Boolean@)">
            <summary>
            Get a key value of setup text file
            </summary>
            <param name="key">Key</param>
            <param name="lines">Return file splited by lines</param>
            <param name="index">Return Line index of this setting</param>
            <param name="isEnabled">Return true if this parameter is enabled</param>
            <returns>Value of key</returns>
        </member>
        <member name="M:SystemExtra.Settings.SetLine(System.Int32,System.String,System.Object,System.Boolean)">
            <summary>
            Set a specific line of the settings file
            </summary>
            <param name="index">Index of line to setting</param>
            <param name="key">Key to set</param>
            <param name="value">Value of key</param>
            <param name="isEnabled">True if you want to enable this setting</param>
        </member>
        <member name="M:SystemExtra.Settings.SetValue(System.String,System.Object,System.Boolean)">
            <summary>
            Set a key value in a setup text file
            </summary>
            <param name="key">Key to set</param>
            <param name="value">Value of key</param>
            <param name="isEnabled">True if you want to enable this setting</param>
        </member>
        <member name="M:SystemExtra.Settings.AddParameter(System.String,System.String,System.Object,System.Boolean)">
            <summary>
            Add a parameter to the value
            </summary>
            <param name="key">Kay</param>
            <param name="parameter">Parameter to add</param>
            <param name="paramValue">Parameter value to add</param>
            <param name="isEnabled">True if you want to enable this setting</param>
        </member>
        <member name="M:SystemExtra.Settings.RempoveParameter(System.String,System.String)">
            <summary>
            Remove a parameter to the value
            </summary>
            <param name="key">Kay</param>
            <param name="parameter">Parameter to remove</param>
        </member>
    </members>
</doc>
